{
  "dataset": "PolyAI/banking77",
  "base_model": "answerdotai/ModernBERT-base",
  "test_size": 3080,
  "majority_class": {
    "name": "card_payment_fee_charged",
    "accuracy": 0.012987012987012988,
    "f1_macro": 0.000333000333000333,
    "f1_weighted": 0.00033300033300033295
  },
  "frozen_linear_probe": {
    "accuracy": 0.8944805194805194,
    "f1_macro": 0.8947807522932958,
    "f1_weighted": 0.8947807522932961
  },
  "fine_tuned": {
    "accuracy": 0.939935064935065,
    "f1_macro": 0.9400762840151983,
    "f1_weighted": 0.9400762840151984
  }
}
